report_date,civic_buildings_ext_destroyed,educational_buildings_ext_destroyed,educational_buildings_ext_damaged,places_of_worship_ext_mosques_destroyed,places_of_worship_ext_mosques_damaged,places_of_worship_ext_churches_destroyed,residential_ext_destroyed,residential_destroyed,civic_buildings_destroyed,educational_buildings_destroyed,educational_buildings_damaged,places_of_worship_mosques_destroyed,places_of_worship_mosques_damaged,places_of_worship_churches_destroyed
2023-10-07,5,1,15,2,4.0,0,80,,,,,,,
2023-10-08,11,1,30,4,8.0,0,159,159.0,,,,,,
2023-10-09,16,2,45,6,12.0,0,790,790.0,,,,,,
2023-10-10,22,2,60,8,17.0,0,1009,1009.0,,,,,,
2023-10-11,27,3,75,10,21.0,0,2835,2835.0,27.0,3.0,75.0,10.0,,
2023-10-12,29,3,75,10,25.0,0,4188,,,3.0,75.0,10.0,,
2023-10-13,31,9,100,12,29.0,0,5540,5540.0,,,,,,
2023-10-14,33,14,124,14,33.0,0,7000,7000.0,,14.0,124.0,,,
2023-10-15,35,14,143,16,37.0,0,8840,8840.0,,14.0,143.0,,,
2023-10-16,37,18,150,18,41.0,1,10500,10500.0,,18.0,150.0,,,
2023-10-17,39,18,153,20,46.0,1,12000,12000.0,,18.0,153.0,,,
2023-10-18,41,20,157,22,50.0,1,13577,,,,,,,
2023-10-19,43,22,160,24,54.0,1,15154,,,,,,,
2023-10-20,45,23,164,26,58.0,1,16731,,,,,,,
2023-10-21,47,25,167,28,62.0,1,18308,,,,,,,
2023-10-22,49,27,171,30,66.0,1,19885,,,,,,,
2023-10-23,51,29,174,32,70.0,1,21462,,,,,,,
2023-10-24,53,30,178,34,75.0,1,23038,,,,,,,
2023-10-25,55,32,181,36,79.0,1,24615,,,,,,,
2023-10-26,57,34,185,38,83.0,1,26192,,,,,,,
2023-10-27,59,36,188,39,87.0,1,27769,,,,,,,
2023-10-28,60,37,192,41,91.0,1,29346,,,,,,,
2023-10-29,62,39,196,43,95.0,1,30923,,,,,,,
2023-10-30,64,41,199,45,99.0,1,32500,32500.0,,,,,,
2023-10-31,66,43,203,47,104.0,1,33571,,,,,,,
2023-11-01,68,44,206,49,108.0,1,34643,,,,,,,
2023-11-02,70,46,210,51,112.0,1,35714,,,,,,,
2023-11-03,72,48,213,53,116.0,1,36786,,,,,,,
2023-11-04,74,50,217,55,120.0,2,37857,,,,,,,
2023-11-05,76,51,220,57,124.0,2,38929,,,,,,,
2023-11-06,78,53,224,59,128.0,2,40000,40000.0,,,,,,
2023-11-07,80,55,227,61,133.0,2,40250,,,,,,,
2023-11-08,82,57,231,63,137.0,2,40500,,,,,,,
2023-11-09,84,58,234,65,141.0,2,40750,,,,,,,
2023-11-10,88,60,238,67,145.0,2,41000,41000.0,88.0,60.0,238.0,67.0,145.0,3.0
2023-11-11,89,60,239,68,146.0,2,41015,,,,,,,
2023-11-12,89,61,241,70,148.0,2,41030,41030.0,,,,,,
2023-11-13,90,61,242,71,149.0,2,41120,41120.0,,,,,,
2023-11-14,91,61,243,72,151.0,2,42000,42000.0,,,,,,
2023-11-15,91,62,245,74,152.0,2,42250,,,,,,,
2023-11-16,92,62,246,75,154.0,2,42500,,,,,,,
2023-11-17,93,62,247,76,155.0,2,42750,,,,,,,
2023-11-18,93,63,249,78,156.0,2,43000,43000.0,,,,,,
2023-11-19,94,63,250,79,158.0,2,43000,43000.0,,,,,,
2023-11-20,95,63,251,80,159.0,2,43000,43000.0,,,,,,
2023-11-21,96,63,253,82,161.0,2,44000,44000.0,,,,,,
2023-11-22,96,64,254,83,162.0,2,45000,45000.0,,,,,,
2023-11-23,97,64,255,84,164.0,3,46000,46000.0,,,,,,
2023-11-24,98,64,256,86,165.0,3,47000,,,,,,,
2023-11-25,98,65,258,87,166.0,3,48000,,,,,,,
2023-11-26,99,65,259,89,168.0,3,49000,,,,,,,
2023-11-27,100,65,260,90,169.0,3,50000,50000.0,,,,,,
2023-11-28,100,66,262,91,171.0,3,50000,,,,,,,
2023-11-29,101,66,263,93,172.0,3,50000,,,,,,,
2023-11-30,102,66,264,94,174.0,3,50000,50000.0,,,,,,
2023-12-01,103,67,267,95,175.0,3,50000,50000.0,103.0,,267.0,,175.0,
2023-12-02,103,67,267,97,181.0,3,50000,50000.0,,67.0,267.0,,181.0,3.0
2023-12-03,103,67,270,98,183.0,3,50000,50000.0,103.0,67.0,270.0,,183.0,3.0
2023-12-04,107,69,271,99,186.0,3,51000,,,,,,,
2023-12-05,110,70,273,101,189.0,3,52000,52000.0,,,,,,
2023-12-06,114,72,274,102,191.0,3,52000,,,,,,,
2023-12-07,121,73,275,103,194.0,3,52000,52000.0,121.0,73.0,275.0,,194.0,3.0
2023-12-08,122,73,275,105,194.0,3,52100,,,,,,,
2023-12-09,123,74,276,106,195.0,3,52200,,,,,,,
2023-12-10,124,74,276,107,195.0,3,52300,,,,,,,
2023-12-11,124,75,276,109,196.0,3,52400,,,,,,,
2023-12-12,126,75,277,110,196.0,3,52500,52500.0,126.0,75.0,277.0,110.0,196.0,3.0
2023-12-13,126,80,278,111,197.0,3,52500,,,,,,,
2023-12-14,126,85,280,111,199.0,3,52500,,,,,,,
2023-12-15,126,90,282,112,200.0,3,52500,52500.0,126.0,90.0,282.0,112.0,200.0,3.0
2023-12-16,126,90,282,112,200.0,3,52500,,,,,,,
2023-12-17,126,90,282,112,200.0,3,52500,,,,,,,
2023-12-18,126,90,282,112,200.0,3,52500,52500.0,126.0,90.0,282.0,112.0,200.0,3.0
2023-12-19,126,90,282,112,200.0,3,52600,52600.0,126.0,90.0,282.0,112.0,200.0,3.0
2023-12-20,126,90,283,114,200.0,3,53000,53000.0,126.0,90.0,283.0,114.0,200.0,3.0
2023-12-21,126,91,284,114,200.0,3,55400,,,,,,,
2023-12-22,126,91,284,115,200.0,3,57800,,,,,,,
2023-12-23,126,92,285,115,200.0,3,60200,,126.0,92.0,285.0,115.0,200.0,3.0
2023-12-24,126,92,285,115,200.0,3,62600,,,,,,,
2023-12-25,126,92,285,115,200.0,3,65000,65000.0,126.0,92.0,285.0,115.0,200.0,3.0
2023-12-26,126,92,285,115,200.0,3,65000,,,,,,,
2023-12-27,126,92,285,115,200.0,3,65000,65000.0,126.0,92.0,285.0,115.0,200.0,3.0
2023-12-28,126,92,285,116,203.0,3,65000,,,,,,,
2023-12-29,126,92,285,116,205.0,3,65000,,,,,,,
2023-12-30,126,92,285,117,208.0,3,65000,65000.0,126.0,92.0,285.0,117.0,208.0,3.0
2023-12-31,126,92,285,119,212.0,3,65000,65000.0,126.0,92.0,285.0,119.0,212.0,3.0
2024-01-01,130,93,292,120,212.0,3,65000,65000.0,130.0,93.0,292.0,120.0,212.0,3.0
2024-01-02,130,93,292,121,214.0,3,65000,,,,,,,
2024-01-03,130,93,292,121,216.0,3,65000,,,,,,,
2024-01-04,130,93,292,122,218.0,3,65000,65000.0,130.0,93.0,292.0,122.0,218.0,3.0
2024-01-05,132,94,294,126,229.0,3,67000,,,,,,,
2024-01-06,134,94,295,130,240.0,3,69000,69000.0,134.0,94.0,295.0,130.0,240.0,3.0
2024-01-07,134,94,295,134,240.0,3,69000,69000.0,134.0,94.0,295.0,134.0,240.0,3.0
2024-01-08,134,95,295,138,240.0,3,69000,,,,,,,
2024-01-09,134,95,295,142,240.0,3,69000,69000.0,134.0,95.0,295.0,142.0,240.0,3.0
2024-01-10,134,95,295,142,240.0,3,69100,,,,,,,
2024-01-11,134,95,295,142,240.0,3,69200,69200.0,134.0,95.0,295.0,142.0,240.0,3.0
2024-01-12,134,95,295,145,242.0,3,69250,,,,,,,
2024-01-13,134,95,295,147,243.0,3,69300,69300.0,,,,,,
2024-01-14,134,95,295,150,245.0,3,70000,70000.0,134.0,95.0,295.0,150.0,245.0,3.0
2024-01-15,135,96,295,152,245.0,3,70000,,,,,,,
2024-01-16,136,96,295,154,246.0,3,70000,,,,,,,
2024-01-17,137,97,295,155,246.0,3,70000,,,,,,,
2024-01-18,138,97,295,157,246.0,3,70000,70000.0,138.0,97.0,295.0,157.0,246.0,3.0
2024-01-19,139,98,295,158,248.0,3,70000,,,,,,,
2024-01-20,139,98,295,159,250.0,3,70000,,,,,,,
2024-01-21,140,99,295,160,251.0,3,70000,,,,,,,
2024-01-22,140,99,295,161,253.0,3,70000,70000.0,140.0,99.0,295.0,161.0,253.0,3.0
2024-01-23,140,99,295,161,253.0,3,70000,,,,,,,
2024-01-24,140,99,295,161,253.0,3,70000,,,,,,,
2024-01-25,140,99,295,161,253.0,3,70000,,,,,,,
2024-01-26,140,99,295,161,253.0,3,70000,,,,,,,
2024-01-27,140,99,295,161,253.0,3,70000,,,,,,,
2024-01-28,140,99,295,161,253.0,3,70000,,,,,,,
2024-01-29,140,99,295,161,253.0,3,70000,,,,,,,
2024-01-30,140,99,295,161,253.0,3,70000,70000.0,140.0,99.0,295.0,161.0,253.0,3.0
2024-01-31,140,99,295,167,256.0,3,70000,,,,,,,
2024-02-01,140,100,295,172,259.0,3,70000,,,,,,,
2024-02-02,140,100,295,178,261.0,3,70000,,,,,,,
2024-02-03,140,100,295,183,264.0,3,70000,70000.0,140.0,100.0,295.0,183.0,264.0,3.0
2024-02-04,140,100,295,183,264.0,3,70000,,,,,,,
2024-02-05,141,100,295,183,265.0,3,70000,,,,,,,
2024-02-06,141,100,295,183,265.0,3,70000,,,,,,,
2024-02-07,141,100,295,184,265.0,3,70000,,,,,,,
2024-02-08,141,100,295,184,265.0,3,70000,,,100.0,295.0,,,3.0
2024-02-09,142,100,295,184,266.0,3,70000,,,,,,,
2024-02-10,142,100,295,184,266.0,3,70000,,,,,,,
2024-02-11,142,100,295,184,266.0,3,70000,70000.0,142.0,100.0,295.0,184.0,266.0,3.0
2024-02-12,142,100,295,184,266.0,3,70000,,,,,,,
2024-02-13,142,100,295,184,266.0,3,70000,,,,,,,
2024-02-14,142,100,295,184,266.0,3,70000,,,,,,,
2024-02-15,142,100,295,184,266.0,3,70000,,,,,,,
2024-02-16,142,100,295,184,266.0,3,70000,70000.0,142.0,100.0,295.0,184.0,266.0,3.0
2024-02-17,142,100,295,184,266.0,3,70000,70000.0,142.0,100.0,295.0,184.0,266.0,3.0
2024-02-18,144,100,297,188,268.0,3,70000,,,,,,,
2024-02-19,146,100,298,192,270.0,3,70000,,,,,,,
2024-02-20,148,100,300,196,272.0,3,70000,,,,,,,
2024-02-21,151,100,301,200,274.0,3,70000,,,,,,,
2024-02-22,153,100,303,204,276.0,3,70000,,,,,,,
2024-02-23,157,100,304,208,278.0,3,70000,70000.0,157.0,100.0,304.0,208.0,278.0,3.0
2024-02-24,157,100,304,209,279.0,3,70000,,,,,,,
2024-02-25,158,100,304,209,279.0,3,70000,,,,,,,
2024-02-26,158,100,305,210,280.0,3,70000,,,,,,,
2024-02-27,159,100,305,210,280.0,3,70000,,,,,,,
2024-02-28,159,100,305,211,281.0,3,70000,,,,,,,
2024-02-29,160,100,305,211,281.0,3,70000,70000.0,160.0,100.0,305.0,211.0,281.0,3.0
2024-03-01,161,100,305,213,282.0,3,70000,,,,,,,
2024-03-02,161,100,305,214,283.0,3,70000,,,,,,,
2024-03-03,162,100,305,216,283.0,3,70000,,,,,,,
2024-03-04,163,100,305,217,284.0,3,70000,70000.0,163.0,100.0,305.0,217.0,284.0,3.0
2024-03-05,164,100,305,217,285.0,3,70000,,,,,,,
2024-03-06,164,100,305,218,285.0,3,70000,,,,,,,
2024-03-07,165,100,305,218,286.0,3,70000,,,,,,,
2024-03-08,165,100,305,219,286.0,3,70000,,,,,,,
2024-03-09,166,100,305,219,287.0,3,70000,70000.0,166.0,100.0,305.0,219.0,287.0,3.0
2024-03-10,166,100,305,220,287.0,3,70000,,,,,,,
2024-03-11,166,100,305,221,288.0,3,70000,,,,,,,
2024-03-12,166,100,305,221,288.0,3,70000,,,,,,,
2024-03-13,166,100,305,222,289.0,3,70000,,,,,,,
2024-03-14,166,100,305,223,289.0,3,70000,70000.0,166.0,100.0,305.0,223.0,289.0,3.0
2024-03-15,166,100,305,223,289.0,3,70000,,,,,,,
2024-03-16,167,100,305,223,289.0,3,70000,,,,,,,
2024-03-17,167,100,305,223,289.0,3,70000,,,,,,,
2024-03-18,168,100,305,223,289.0,3,70000,,,,,,,
2024-03-19,168,100,305,224,290.0,3,70000,70000.0,168.0,100.0,305.0,224.0,290.0,3.0
2024-03-20,168,100,305,224,290.0,3,70000,,,,,,,
2024-03-21,168,100,305,224,290.0,3,70000,,,,,,,
2024-03-22,168,100,305,224,290.0,3,70000,,,,,,,
2024-03-23,168,100,305,224,290.0,3,70000,,,,,,,
2024-03-24,168,100,305,224,290.0,3,70000,70000.0,168.0,100.0,305.0,224.0,290.0,3.0
2024-03-25,168,100,305,225,291.0,3,70000,,,,,,,
2024-03-26,168,100,305,225,292.0,3,70000,,,,,,,
2024-03-27,168,100,305,226,292.0,3,70000,,,,,,,
2024-03-28,168,100,305,226,293.0,3,70000,,,,,,,
2024-03-29,168,100,305,227,294.0,3,70000,70000.0,168.0,100.0,305.0,227.0,294.0,3.0
2024-03-30,169,100,305,227,295.0,3,70000,,,,,,,
2024-03-31,169,100,305,228,295.0,3,70000,,,,,,,
2024-04-01,170,100,305,228,296.0,3,70000,,,,,,,
2024-04-02,170,100,305,229,296.0,3,70000,,,,,,,
2024-04-03,171,100,305,229,297.0,3,70000,70000.0,171.0,100.0,305.0,229.0,297.0,3.0
2024-04-04,171,100,305,229,297.0,3,70000,,,,,,,
2024-04-05,171,100,305,229,297.0,3,70000,,,,,,,
2024-04-06,171,100,305,229,297.0,3,70000,,,,,,,
2024-04-07,171,100,305,229,297.0,3,70000,,,,,,,
2024-04-08,171,100,305,229,297.0,3,70000,70000.0,171.0,100.0,305.0,229.0,297.0,3.0
2024-04-09,171,100,305,230,298.0,3,70000,,,,,,,
2024-04-10,171,100,305,231,299.0,3,70000,,,,,,,
2024-04-11,171,100,305,231,299.0,3,70000,,,,,,,
2024-04-12,171,100,305,232,300.0,3,70000,,,,,,,
2024-04-13,171,100,305,233,301.0,3,70000,70000.0,171.0,100.0,305.0,233.0,301.0,3.0
2024-04-14,172,101,306,234,303.0,3,73200,,,,,,,
2024-04-15,174,101,307,235,306.0,3,76400,,,,,,,
2024-04-16,175,102,307,235,308.0,3,79600,,,,,,,
2024-04-17,177,102,308,236,311.0,3,82800,,,,,,,
2024-04-18,178,103,309,237,313.0,3,86000,86000.0,178.0,103.0,309.0,237.0,313.0,3.0
2024-04-19,179,103,309,237,314.0,3,86000,,,,,,,
2024-04-20,179,103,309,238,315.0,3,86000,,,,,,,
2024-04-21,180,103,309,238,315.0,3,86000,,,,,,,
2024-04-22,180,103,309,239,316.0,3,86000,,,,,,,
2024-04-23,181,103,309,239,317.0,3,86000,86000.0,181.0,103.0,309.0,239.0,317.0,3.0
2024-04-24,181,103,309,240,318.0,3,86000,,,,,,,
2024-04-25,181,103,310,241,319.0,3,86000,,,,,,,
2024-04-26,181,103,310,241,319.0,3,86000,,,,,,,
2024-04-27,181,103,311,242,320.0,3,86000,,,,,,,
2024-04-28,181,103,311,243,321.0,3,86000,86000.0,181.0,103.0,311.0,243.0,321.0,3.0
2024-04-29,182,103,311,243,321.0,3,86000,,,,,,,
2024-04-30,182,103,311,243,321.0,3,86000,,,,,,,
2024-05-01,183,103,311,243,321.0,3,86000,,,,,,,
2024-05-02,183,103,311,243,321.0,3,86000,,,,,,,
2024-05-03,184,103,311,243,321.0,3,86000,86000.0,184.0,103.0,311.0,243.0,321.0,3.0
2024-05-04,184,103,311,243,321.0,3,86000,,,,,,,
2024-05-05,185,103,311,243,321.0,3,86000,,,,,,,
2024-05-06,185,103,311,243,321.0,3,86000,,,,,,,
2024-05-07,186,103,311,243,321.0,3,86000,,,,,,,
2024-05-08,186,103,311,243,321.0,3,86000,86000.0,186.0,103.0,311.0,243.0,321.0,3.0
2024-05-09,186,103,311,244,322.0,3,86000,,,,,,,
2024-05-10,186,103,311,245,323.0,3,86000,,,,,,,
2024-05-11,186,103,311,245,324.0,3,86000,,,,,,,
2024-05-12,186,103,311,246,325.0,3,86000,,,,,,,
2024-05-13,186,103,311,247,326.0,3,86000,86000.0,186.0,103.0,311.0,247.0,326.0,3.0
2024-05-14,187,104,311,604,200.0,3,86200,,,,,,,
2024-05-15,187,105,312,604,200.0,3,86400,,,,,,,
2024-05-16,188,105,312,604,200.0,3,86600,,,,,,,
2024-05-17,188,106,313,604,200.0,3,86800,,,,,,,
2024-05-18,189,107,313,604,200.0,3,87000,87000.0,189.0,107.0,313.0,604.0,200.0,3.0
2024-05-19,189,107,313,604,200.0,3,87000,,,,,,,
2024-05-20,189,107,313,604,200.0,3,87000,,,,,,,
2024-05-21,189,107,313,604,200.0,3,87000,,,,,,,
2024-05-22,189,107,313,604,200.0,3,87000,,,,,,,
2024-05-23,189,108,313,604,200.0,3,87000,87000.0,189.0,108.0,313.0,604.0,200.0,3.0
2024-05-24,189,108,313,604,200.0,3,87000,,,,,,,
2024-05-25,189,108,313,604,200.0,3,87000,,,,,,,
2024-05-26,189,108,313,604,200.0,3,87000,,,,,,,
2024-05-27,189,108,313,604,200.0,3,87000,,,,,,,
2024-05-28,190,109,316,604,200.0,3,87000,87000.0,190.0,109.0,316.0,604.0,200.0,3.0
2024-05-29,190,109,316,604,200.0,3,87000,,,,,,,
2024-05-30,190,109,316,604,200.0,3,87000,,,,,,,
2024-05-31,190,109,316,604,200.0,3,87000,,,,,,,
2024-06-01,190,109,316,604,200.0,3,87000,,,,,,,
2024-06-02,192,109,318,604,200.0,3,88300,88300.0,192.0,109.0,318.0,604.0,200.0,3.0
2024-06-03,192,109,318,604,200.0,3,88300,,,,,,,
2024-06-04,192,109,318,604,200.0,3,88300,,,,,,,
2024-06-05,192,109,318,604,200.0,3,88300,,,,,,,
2024-06-06,192,109,318,604,200.0,3,88300,,,,,,,
2024-06-07,192,110,319,604,200.0,3,138300,138300.0,192.0,110.0,319.0,604.0,200.0,3.0
2024-06-08,192,110,319,604,200.0,3,138300,,,,,,,
2024-06-09,192,110,319,604,200.0,3,138300,,,,,,,
2024-06-10,192,110,319,604,200.0,3,138300,,,,,,,
2024-06-11,192,110,319,604,200.0,3,138300,,,,,,,
2024-06-12,194,110,321,604,200.0,3,138400,138400.0,194.0,110.0,321.0,604.0,200.0,3.0
2024-06-13,194,110,321,604,200.0,3,138400,,,,,,,
2024-06-14,194,110,321,604,200.0,3,138400,,,,,,,
2024-06-15,194,110,321,604,200.0,3,138400,,,,,,,
2024-06-16,194,110,321,604,200.0,3,138400,,,,,,,
2024-06-17,194,110,321,608,209.0,3,138400,138400.0,194.0,110.0,321.0,608.0,209.0,3.0
2024-06-18,194,110,321,608,209.0,3,138400,,,,,,,
2024-06-19,194,110,321,608,209.0,3,138400,,,,,,,
2024-06-20,194,110,321,608,209.0,3,138400,,,,,,,
2024-06-21,194,110,321,608,209.0,3,138400,,,,,,,
2024-06-22,194,110,321,608,209.0,3,150000,150000.0,194.0,110.0,321.0,608.0,209.0,3.0
2024-06-23,194,110,321,608,209.0,3,150000,,,,,,,
2024-06-24,194,110,321,608,209.0,3,150000,,,,,,,
2024-06-25,194,110,321,608,209.0,3,150000,,,,,,,
2024-06-26,194,110,321,608,209.0,3,150000,,,,,,,
2024-06-27,195,112,323,608,209.0,3,150000,150000.0,195.0,112.0,323.0,608.0,209.0,3.0
2024-06-28,195,112,323,608,209.0,3,150000,,,,,,,
2024-06-29,195,112,323,608,209.0,3,150000,,,,,,,
2024-06-30,195,112,323,608,209.0,3,150000,,,,,,,
2024-07-01,195,112,323,608,209.0,3,150000,,,,,,,
2024-07-02,195,112,323,608,209.0,3,150000,,,,,,,
2024-07-03,195,113,323,608,209.0,3,150000,150000.0,195.0,113.0,323.0,608.0,209.0,3.0
2024-07-04,195,113,323,608,209.0,3,150000,,,,,,,
2024-07-05,195,113,323,608,209.0,3,150000,,,,,,,
2024-07-06,195,113,323,608,209.0,3,150000,,,,,,,
2024-07-07,196,114,326,609,211.0,3,150000,150000.0,196.0,114.0,326.0,609.0,211.0,3.0
2024-07-08,196,114,326,609,211.0,3,150000,,,,,,,
2024-07-09,196,114,326,609,211.0,3,150000,,,,,,,
2024-07-10,196,114,326,609,211.0,3,150000,,,,,,,
2024-07-11,197,115,328,609,211.0,3,150000,150000.0,197.0,115.0,328.0,609.0,211.0,3.0
2024-07-12,197,115,328,609,211.0,3,150000,,,,,,,
2024-07-13,197,115,328,609,211.0,3,150000,,,,,,,
2024-07-14,197,115,328,609,211.0,3,150000,,,,,,,
2024-07-15,197,115,328,609,211.0,3,150000,,,,,,,
2024-07-16,197,115,328,609,211.0,3,150000,,,,,,,
2024-07-17,197,115,330,610,211.0,3,150000,150000.0,197.0,115.0,330.0,610.0,211.0,3.0
2024-07-18,197,115,330,610,211.0,3,150000,,,,,,,
2024-07-19,197,115,330,610,211.0,3,150000,,,,,,,
2024-07-20,197,115,330,610,211.0,3,150000,,,,,,,
2024-07-21,197,115,330,610,211.0,3,150000,,,,,,,
2024-07-22,198,116,331,610,211.0,3,150000,150000.0,198.0,116.0,331.0,610.0,211.0,3.0
2024-07-23,198,116,331,610,211.0,3,150000,,,,,,,
2024-07-24,198,116,331,610,211.0,3,150000,,,,,,,
2024-07-25,198,116,331,610,211.0,3,150000,,,,,,,
2024-07-26,198,116,331,610,211.0,3,150000,,,,,,,
2024-07-27,198,117,332,610,211.0,3,150000,150000.0,198.0,117.0,332.0,610.0,211.0,3.0
2024-07-28,198,117,332,610,211.0,3,150000,,,,,,,
2024-07-29,198,117,332,610,211.0,3,150000,,,,,,,
2024-07-30,198,117,332,610,211.0,3,150000,,,,,,,
2024-07-31,198,117,332,610,211.0,3,150000,,,,,,,
2024-08-01,198,117,332,610,211.0,3,150000,150000.0,198.0,117.0,332.0,610.0,211.0,3.0
2024-08-02,198,117,332,610,211.0,3,150000,,,,,,,
2024-08-03,198,117,332,610,211.0,3,150000,,,,,,,
2024-08-04,198,117,332,610,211.0,3,150000,,,,,,,
2024-08-05,198,117,332,610,211.0,3,150000,,,,,,,
2024-08-06,198,120,332,610,211.0,3,150000,150000.0,198.0,120.0,332.0,610.0,211.0,3.0
2024-08-07,198,120,332,610,211.0,3,150000,,,,,,,
2024-08-08,198,120,332,610,211.0,3,150000,,,,,,,
2024-08-09,198,120,332,610,211.0,3,150000,,,,,,,
2024-08-10,198,120,332,610,211.0,3,150000,,,,,,,
2024-08-11,198,120,332,610,211.0,3,150000,,,,,,,
2024-08-12,198,121,333,610,214.0,3,150000,150000.0,198.0,121.0,333.0,610.0,214.0,3.0
2024-08-13,198,121,333,610,214.0,3,150000,,,,,,,
2024-08-14,198,121,333,610,214.0,3,150000,,,,,,,
2024-08-15,198,121,333,610,214.0,3,150000,,,,,,,
2024-08-16,198,121,333,610,214.0,3,150000,,,,,,,
2024-08-17,198,121,333,610,214.0,3,150000,,,,,,,
2024-08-18,198,121,333,610,214.0,3,150000,,,,,,,
2024-08-19,198,121,333,610,214.0,3,150000,,,,,,,
2024-08-20,198,121,333,610,214.0,3,150000,,,,,,,
2024-08-21,198,121,333,610,214.0,3,150000,,,,,,,
2024-08-22,198,121,333,610,214.0,3,150000,,,,,,,
2024-08-23,198,121,333,610,214.0,3,150000,,,,,,,
2024-08-24,198,121,333,610,214.0,3,150000,,,,,,,
2024-08-25,198,121,333,610,214.0,3,150000,,,,,,,
2024-08-26,199,122,334,610,214.0,3,150000,150000.0,199.0,122.0,334.0,610.0,214.0,3.0
2024-08-27,199,122,334,610,214.0,3,150000,,,,,,,
2024-08-28,199,122,334,610,214.0,3,150000,,,,,,,
2024-08-29,199,122,334,610,214.0,3,150000,,,,,,,
2024-08-30,199,122,334,610,214.0,3,150000,,,,,,,
2024-08-31,200,122,334,610,214.0,3,150000,150000.0,200.0,122.0,334.0,610.0,214.0,3.0
2024-09-01,200,122,334,610,214.0,3,150000,,,,,,,
2024-09-02,200,122,334,610,214.0,3,150000,,,,,,,
2024-09-03,200,122,334,610,214.0,3,150000,,,,,,,
2024-09-04,200,122,334,610,214.0,3,150000,,,,,,,
2024-09-05,200,122,334,610,214.0,3,150000,,,,,,,
2024-09-06,200,122,334,610,214.0,3,150000,,,,,,,
2024-09-07,200,122,334,610,214.0,3,150000,,,,,,,
2024-09-08,200,122,334,610,214.0,3,150000,,,,,,,
2024-09-09,200,122,334,610,214.0,3,150000,,,,,,,
2024-09-10,200,123,335,611,214.0,3,150000,150000.0,200.0,123.0,335.0,611.0,214.0,3.0
2024-09-11,200,123,335,611,214.0,3,150000,,,,,,,
2024-09-12,200,123,335,611,214.0,3,150000,,,,,,,
2024-09-13,200,123,335,611,214.0,3,150000,,,,,,,
2024-09-14,200,123,335,611,214.0,3,150000,,,,,,,
2024-09-15,200,125,336,611,214.0,3,150000,150000.0,200.0,125.0,336.0,611.0,214.0,3.0
2024-09-16,200,125,336,611,214.0,3,150000,,,,,,,
2024-09-17,200,125,336,611,214.0,3,150000,,,,,,,
2024-09-18,200,125,336,611,214.0,3,150000,,,,,,,
2024-09-19,200,125,336,611,214.0,3,150000,,,,,,,
2024-09-20,200,125,336,611,214.0,3,150000,,,,,,,
2024-09-21,200,125,336,611,214.0,3,150000,,,,,,,
2024-09-22,200,125,336,611,214.0,3,150000,,,,,,,
2024-09-23,200,125,336,611,214.0,3,150000,,,,,,,
2024-09-24,200,125,336,611,214.0,3,150000,,,,,,,
2024-09-25,200,125,336,611,214.0,3,150000,150000.0,200.0,125.0,336.0,611.0,214.0,3.0
2024-09-26,201,125,337,611,214.0,3,150000,,,,,,,
2024-09-27,201,125,337,611,214.0,3,150000,,,,,,,
2024-09-28,201,125,337,611,214.0,3,150000,,,,,,,
2024-09-29,201,125,337,611,214.0,3,150000,,,,,,,
2024-09-30,201,125,337,611,214.0,3,150000,150000.0,201.0,125.0,337.0,611.0,214.0,3.0
2024-10-01,201,125,337,814,,3,150000,,,,,,,
2024-10-02,201,125,337,814,,3,150000,,,,,,,
2024-10-03,201,125,337,814,,3,150000,,,,,,,
2024-10-04,201,125,337,814,,3,150000,,,,,,,
2024-10-05,201,125,337,814,,3,150000,,,,,,,
2024-10-06,204,125,337,814,,3,150000,150000.0,204.0,125.0,337.0,814.0,,3.0
2024-10-07,204,125,337,814,,3,150000,,,,,,,
2024-10-08,204,125,337,814,,3,150000,,,,,,,
2024-10-09,204,125,337,814,,3,150000,,,,,,,
2024-10-10,204,125,337,814,,3,150000,,,,,,,
2024-10-11,204,125,337,814,,3,150000,,,,,,,
2024-10-12,204,125,337,814,,3,150000,,,,,,,
2024-10-13,204,125,337,814,,3,150000,,,,,,,
2024-10-14,204,125,337,814,,3,150000,,,,,,,
2024-10-15,204,125,337,814,,3,150000,150000.0,204.0,125.0,337.0,814.0,,3.0
2024-10-16,204,125,337,814,,3,150000,,,,,,,
2024-10-17,204,125,337,814,,3,150000,,,,,,,
2024-10-18,204,125,337,814,,3,150000,,,,,,,
2024-10-19,204,125,337,814,,3,150000,,,,,,,
2024-10-20,204,125,337,814,,3,150000,,,,,,,
2024-10-21,204,125,337,814,,3,150000,,,,,,,
2024-10-22,204,125,337,814,,3,150000,,,,,,,
2024-10-23,204,125,337,814,,3,150000,,,,,,,
2024-10-24,204,125,337,814,,3,150000,,,,,,,
2024-10-25,205,126,339,814,,3,150000,150000.0,205.0,126.0,339.0,814.0,,3.0
2024-10-26,205,128,342,814,,3,150000,,,,,,,
2024-10-27,205,128,342,814,,3,150000,,,,,,,
2024-10-28,205,128,342,814,,3,150000,,,,,,,
2024-10-29,205,128,342,814,,3,150000,,,,,,,
2024-10-30,205,128,342,814,,3,150000,150000.0,205.0,128.0,342.0,814.0,,3.0
2024-10-31,205,128,342,814,,3,150000,,,,,,,
2024-11-01,205,128,342,814,,3,150000,,,,,,,
2024-11-02,205,128,342,814,,3,150000,,,,,,,
2024-11-03,205,128,342,814,,3,150000,,,,,,,
2024-11-04,205,128,342,814,,3,150000,,,,,,,
2024-11-05,205,128,342,814,,3,150000,,,,,,,
2024-11-06,205,128,342,814,,3,150000,,,,,,,
2024-11-07,205,128,342,814,,3,150000,,,,,,,
2024-11-08,205,128,342,814,,3,150000,,,,,,,
2024-11-09,206,129,344,815,,3,159000,159000.0,206.0,129.0,344.0,815.0,,3.0
2024-11-10,206,129,344,815,,3,159000,,,,,,,
2024-11-11,206,129,344,815,,3,159000,,,,,,,
2024-11-12,206,129,344,815,,3,159000,,,,,,,
2024-11-13,206,129,344,815,,3,159000,,,,,,,
2024-11-14,206,129,344,815,,3,159000,,,,,,,
2024-11-15,206,129,344,815,,3,159000,,,,,,,
2024-11-16,206,129,344,815,,3,159000,,,,,,,
2024-11-17,206,129,344,815,,3,159000,,,,,,,
2024-11-18,206,129,344,815,,3,159000,,,,,,,
2024-11-19,208,131,346,815,,3,160000,160000.0,208.0,131.0,346.0,815.0,,3.0
2024-11-20,208,131,346,815,,3,160000,,,,,,,
2024-11-21,208,131,346,815,,3,160000,,,,,,,
2024-11-22,208,131,346,815,,3,160000,,,,,,,
2024-11-23,208,131,346,815,,3,160000,,,,,,,
2024-11-24,208,131,346,815,,3,160000,,,,,,,
2024-11-25,208,131,346,815,,3,160000,,,,,,,
2024-11-26,208,131,346,815,,3,160000,,,,,,,
2024-11-27,208,131,346,815,,3,160000,,,,,,,
2024-11-28,208,131,346,815,,3,160000,,,,,,,
2024-11-29,211,132,348,819,,3,160500,160500.0,211.0,132.0,348.0,819.0,,3.0
2024-11-30,211,132,348,819,,3,160500,,,,,,,
2024-12-01,211,132,348,819,,3,160500,,,,,,,
2024-12-02,211,132,348,819,,3,160500,,,,,,,
2024-12-03,211,132,348,819,,3,160500,,,,,,,
2024-12-04,211,132,348,819,,3,160500,,,,,,,
2024-12-05,211,132,348,819,,3,160500,,,,,,,
2024-12-06,211,132,348,819,,3,160500,,,,,,,
2024-12-07,211,132,348,819,,3,160500,,,,,,,
2024-12-08,211,132,348,819,,3,160500,,,,,,,
2024-12-09,211,132,348,819,,3,160500,160500.0,211.0,132.0,348.0,819.0,,3.0
2024-12-10,211,132,351,821,,3,160500,,,,,,,
2024-12-11,211,132,351,821,,3,160500,,,,,,,
2024-12-12,211,132,351,821,,3,160500,,,,,,,
2024-12-13,211,132,351,821,,3,160500,,,,,,,
2024-12-14,211,132,351,821,,3,160500,,,,,,,
2024-12-15,211,132,351,821,,3,160500,,,,,,,
2024-12-16,211,132,351,821,,3,160500,,,,,,,
2024-12-17,211,132,351,821,,3,160500,,,,,,,
2024-12-18,211,132,351,821,,3,160500,,,,,,,
2024-12-19,213,133,351,821,,3,161500,161500.0,213.0,133.0,351.0,821.0,,3.0
2024-12-20,213,133,351,821,,3,161500,,,,,,,
2024-12-21,213,133,351,821,,3,161500,,,,,,,
2024-12-22,213,133,351,821,,3,161500,,,,,,,
2024-12-23,213,133,351,821,,3,161500,,,,,,,
2024-12-24,213,133,351,821,,3,161500,,,,,,,
2024-12-25,213,133,351,821,,3,161500,,,,,,,
2024-12-26,213,133,351,821,,3,161500,,,,,,,
2024-12-27,213,133,351,821,,3,161500,,,,,,,
2024-12-28,213,133,351,821,,3,161500,,,,,,,
2024-12-29,213,135,353,823,,3,161600,161600.0,213.0,135.0,353.0,823.0,,3.0
2024-12-30,213,135,353,823,,3,161600,,,,,,,
2024-12-31,213,135,353,823,,3,161600,,,,,,,
2025-01-01,213,135,353,823,,3,161600,,,,,,,
2025-01-02,213,135,353,823,,3,161600,,,,,,,
2025-01-03,213,135,353,823,,3,161600,,,,,,,
2025-01-04,213,135,353,823,,3,161600,,,,,,,
2025-01-05,213,135,353,823,,3,161600,,,,,,,
2025-01-06,213,135,353,823,,3,161600,,,,,,,
2025-01-07,213,135,353,823,,3,161600,,,,,,,
2025-01-08,214,136,355,823,,3,161600,161600.0,214.0,136.0,355.0,823.0,,3.0
2025-01-09,214,136,355,823,,3,161600,,,,,,,
2025-01-10,214,136,355,823,,3,161600,,,,,,,
2025-01-11,214,136,355,823,,3,161600,,,,,,,
2025-01-12,214,136,355,823,,3,161600,,,,,,,
2025-01-13,214,136,355,823,,3,161600,,,,,,,
2025-01-14,214,136,355,823,,3,161600,,,,,,,
2025-01-15,214,136,355,823,,3,161600,,,,,,,
2025-01-16,214,136,355,823,,3,161600,,,,,,,
2025-01-17,214,136,355,823,,3,161600,,,,,,,
2025-01-18,216,137,357,823,,3,161600,161600.0,216.0,137.0,357.0,823.0,,3.0
2025-01-19,216,137,357,823,,3,161600,,,,,,,
2025-01-20,216,137,357,823,,3,161600,,,,,,,
2025-01-21,216,137,357,823,,3,161600,,,,,,,
2025-01-22,216,137,357,823,,3,161600,,,,,,,
2025-01-23,216,137,357,823,,3,161600,,,,,,,
2025-01-24,216,137,357,823,,3,161600,,,,,,,
2025-01-25,216,137,357,823,,3,161600,,,,,,,
2025-01-26,216,137,357,823,,3,161600,,,,,,,
2025-01-27,216,137,357,823,,3,161600,,,,,,,
2025-01-28,216,137,357,823,,3,161600,,,,,,,
2025-01-29,216,137,357,823,,3,161600,,,,,,,
2025-01-30,216,137,357,823,,3,161600,,,,,,,
2025-01-31,216,137,357,823,,3,161600,,,,,,,
2025-02-01,216,137,357,823,,3,161600,,,,,,,
2025-02-02,216,137,357,823,,3,161600,,,,,,,
2025-02-03,216,137,357,823,,3,161600,,,,,,,
2025-02-04,216,137,357,823,,3,161600,,,,,,,
2025-02-05,216,137,357,823,,3,161600,,,,,,,
2025-02-06,216,137,357,823,,3,161600,,,,,,,
2025-02-07,216,137,357,823,,3,161600,,,,,,,
2025-02-08,216,137,357,823,,3,161600,,,,,,,
2025-02-09,216,137,357,823,,3,161600,,,,,,,
2025-02-10,216,137,357,823,,3,161600,,,,,,,
2025-02-11,216,137,357,823,,3,161600,,,,,,,
2025-02-12,216,137,357,823,,3,161600,,,,,,,
2025-02-13,216,137,357,823,,3,161600,,,,,,,
2025-02-14,216,137,357,823,,3,161600,,,,,,,
2025-02-15,216,137,357,823,,3,161600,,,,,,,
2025-02-16,216,137,357,823,,3,161600,,,,,,,
2025-02-17,216,137,357,823,,3,161600,,,,,,,
2025-02-18,216,137,357,823,,3,161600,,,,,,,
2025-02-19,216,137,357,823,,3,161600,,,,,,,
2025-02-20,216,137,357,823,,3,161600,,,,,,,
2025-02-21,216,137,357,823,,3,161600,,,,,,,
2025-02-22,216,137,357,823,,3,161600,,,,,,,
2025-02-23,216,137,357,823,,3,161600,,,,,,,
2025-02-24,216,137,357,823,,3,161600,,,,,,,
2025-02-25,216,137,357,823,,3,161600,,,,,,,
2025-02-26,216,137,357,823,,3,161600,,,,,,,
2025-02-27,216,137,357,823,,3,161600,,,,,,,
2025-02-28,216,137,357,823,,3,161600,,,,,,,
2025-03-01,216,137,357,823,,3,161600,,,,,,,
2025-03-02,216,137,357,823,,3,161600,,,,,,,
2025-03-03,216,137,357,823,,3,161600,,,,,,,
2025-03-04,216,137,357,823,,3,161600,,,,,,,
2025-03-05,216,137,357,823,,3,161600,,,,,,,
2025-03-06,216,137,357,823,,3,161600,,,,,,,
2025-03-07,216,137,357,823,,3,161600,,,,,,,
2025-03-08,216,137,357,823,,3,161600,,,,,,,
2025-03-09,216,137,357,823,,3,161600,,,,,,,
2025-03-10,216,137,357,823,,3,161600,,,,,,,
2025-03-11,216,137,357,823,,3,161600,,,,,,,
2025-03-12,216,137,357,823,,3,161600,,,,,,,
2025-03-13,216,137,357,823,,3,161600,,,,,,,
2025-03-14,216,137,357,823,,3,161600,,,,,,,
2025-03-15,216,137,357,823,,3,161600,,,,,,,
2025-03-16,216,137,357,823,,3,161600,,,,,,,
2025-03-17,216,137,357,823,,3,161600,,,,,,,
2025-03-18,216,137,357,823,,3,161600,,,,,,,
2025-03-19,216,137,357,823,,3,161600,,,,,,,
2025-03-20,216,137,357,823,,3,161600,,,,,,,
2025-03-21,216,137,357,823,,3,161600,,,,,,,
2025-03-22,216,137,357,823,,3,161600,,,,,,,
2025-03-23,221,139,359,825,,3,165000,165000.0,221.0,139.0,359.0,825.0,,3.0
